植物名稱	喬木.灌木.草本	細分類	學名	樹高	樹冠	米徑	樹型	花色	花期月份	花期(花色-月份)	台灣原生種.外來種	花期花色補充	覆土深度	誘鳥誘蝶	維護管理	價格資訊	種植株距	圖鑑頁碼	圖鑑資料備註	官方資料連結	備註	日照需求	耐旱性	耐濕性	水分需求	水分耐受標籤	日照水分資料來源	日照水分來源網址	日照水分資料判定	日照水分查核日期	日照水分查核摘要
樟樹	喬木	大喬木		10-25 m	8-15 m	30-100 cm				黃綠-3-5	台灣原生種	黃綠-3-5	至少 1.0 m	具開花、結果或樹冠棲息功能，可作誘鳥及授粉昆蟲友善植栽參考。	覆土建議至少 1.0 m；株距約3-4 m；定植初期立支柱固定，定期修剪枯枝、病蟲枝並留意排水。	約 900 元	3-4 m	68	資料取自《應用於綠建築之台灣原生植物圖鑑(中部)》第 68 頁；部分欄位因 PDF 特殊字型，以可辨識數值及既有花期資料整理。			全日照	稍耐旱	不耐積水	中	稍耐旱	《應用於綠建築之台灣原生植物圖鑑(中部)》第 68 頁		第一批已檢索；農業部植物圖鑑未找到個別栽培頁，現值仍屬初步判定	2026-06-21	已檢索農業部植物圖鑑；尚需續查其他政府出版品或公立研究機構資料。
櫸木	喬木	大喬木		10-25 m	8-15 m	30-100 cm				黃綠-3-4	台灣原生種	黃綠-3-4	至少 1.0 m	具開花、結果或樹冠棲息功能，可作誘鳥及授粉昆蟲友善植栽參考。	覆土建議至少 1.0 m；株距約40-60 cm；定植初期立支柱固定，定期修剪枯枝、病蟲枝並留意排水。	約 30 元	40-60 cm	134	資料取自《應用於綠建築之台灣原生植物圖鑑(中部)》第 134 頁；部分欄位因 PDF 特殊字型，以可辨識數值及既有花期資料整理。			全日照	稍耐旱	不耐積水	中	稍耐旱	《應用於綠建築之台灣原生植物圖鑑(中部)》第 134 頁		第一批已檢索；農業部植物圖鑑未找到個別栽培頁，現值仍屬初步判定	2026-06-21	已檢索農業部植物圖鑑；尚需續查其他政府出版品或公立研究機構資料。
楓香	喬木	大喬木		10-25 m	8-15 m	30-100 cm				黃綠-3-4	待確認	黃綠-3-4	至少 1.0 m	具開花、結果或樹冠棲息功能，可作誘鳥及授粉昆蟲友善植栽參考。	覆土建議至少 1.0 m；株距約2-2.5 m；定植初期立支柱固定，定期修剪枯枝、病蟲枝並留意排水。	約 800 元	2-2.5 m	120	資料取自《應用於綠建築之台灣原生植物圖鑑(中部)》第 120 頁；部分欄位因 PDF 特殊字型，以可辨識數值及既有花期資料整理。			全日照	稍耐旱	稍耐濕	中	稍耐旱/稍耐濕	《應用於綠建築之台灣原生植物圖鑑(中部)》第 120 頁		第一批已檢索；農業部植物圖鑑未找到個別栽培頁，現值仍屬初步判定	2026-06-21	已檢索農業部植物圖鑑；尚需續查其他政府出版品或公立研究機構資料。
青楓	喬木	大喬木		5-15 m	5-10 m	15-50 cm				紅紫至黃綠-3-4	台灣原生種	紅紫至黃綠-3-4	至少 1.0 m	具開花、結果或樹冠棲息功能，可作誘鳥及授粉昆蟲友善植栽參考。	覆土建議至少 1.0 m；株距約3-4 m；定植初期立支柱固定，定期修剪枯枝、病蟲枝並留意排水。	約 800 元	3-4 m	110	資料取自《應用於綠建築之台灣原生植物圖鑑(中部)》第 110 頁；部分欄位因 PDF 特殊字型，以可辨識數值及既有花期資料整理。			全日照	待查	不耐積水	中	無	農業部農業知識入口網植物圖鑑－青楓	https://kmweb.moa.gov.tw/theme_data.php?theme=plant_illustration&id=461	農業部官方明載	2026-06-21	適合全日照；介質乾才澆水，根部忌浸水潮濕。未直接記載耐旱性。
紫薇	喬木	小喬木		3-8 m	3-6 m	10-35 cm				紫、粉、紅、白-5-9	待確認	紫、粉、紅、白-5-9							本植物未在本次中部原生植物圖鑑索引中比對到明確條目。			全日照	待查	不耐積水	中	無	農業部農業知識入口網植物圖鑑－紫薇	https://kmweb.moa.gov.tw/theme_data.php?theme=plant_illustration&id=198	農業部官方明載	2026-06-21	喜愛光線充足、排水良好環境；秋冬後減少灌水。未直接記載耐旱性。
石斑木	灌木	灌木		1-4 m	1-3 m	???				白至粉-3-5	待確認	白至粉-3-5	至少 1.0 m	花期可吸引蝶類及授粉昆蟲，果實或枝葉亦可提供小型鳥類停棲。	覆土建議至少 1.0 m；株距約1-2 m；定期修剪維持株型與通風，移除老枝、枯枝及病蟲枝。		1-2 m	172	資料取自《應用於綠建築之台灣原生植物圖鑑(中部)》第 172 頁；部分欄位因 PDF 特殊字型，以可辨識數值及既有花期資料整理。			全日照至半日照	稍耐旱	不耐積水	中	稍耐旱	《應用於綠建築之台灣原生植物圖鑑(中部)》第 172 頁		第一批已檢索；農業部植物圖鑑未找到個別栽培頁，現值仍屬初步判定	2026-06-21	已檢索農業部植物圖鑑；尚需續查其他政府出版品或公立研究機構資料。
流蘇	喬木	小喬木		4-10 m	4-8 m	10-40 cm				白-3-5	台灣原生種	白-3-5	至少 0.5 m	具開花、結果或樹冠棲息功能，可作誘鳥及授粉昆蟲友善植栽參考。	覆土建議至少 0.5 m；株距約40-60 cm；定植初期立支柱固定，定期修剪枯枝、病蟲枝並留意排水。	約 35 元	40-60 cm	216	資料取自《應用於綠建築之台灣原生植物圖鑑(中部)》第 216 頁；部分欄位因 PDF 特殊字型，以可辨識數值及既有花期資料整理。			全日照	稍耐旱	不耐積水	中	稍耐旱	《應用於綠建築之台灣原生植物圖鑑(中部)》第 216 頁		第一批已檢索；農業部植物圖鑑未找到個別栽培頁，現值仍屬初步判定	2026-06-21	已檢索農業部植物圖鑑；尚需續查其他政府出版品或公立研究機構資料。
腎蕨	草本	草本		0.3-1 m	0.5-1.2 m	???				???-?????	待確認	???-?????		以地被、棲地覆蓋及微氣候調節為主；誘鳥誘蝶非主要特性。	維持介質排水與適度濕潤，定期修剪老葉、蔓莖或過密植株。			372	資料取自《應用於綠建築之台灣原生植物圖鑑(中部)》第 372 頁；部分欄位因 PDF 特殊字型，以可辨識數值及既有花期資料整理。			半日照至遮陰	不耐旱	耐濕	高	耐濕	《應用於綠建築之台灣原生植物圖鑑(中部)》第 372 頁		第一批已檢索；農業部植物圖鑑未找到個別栽培頁，現值仍屬初步判定	2026-06-21	已檢索農業部植物圖鑑；尚需續查其他政府出版品或公立研究機構資料。
緬梔	喬木	小喬木		4-10 m	4-8 m	15-50 cm				紅、粉、白等-4-10	外來種	紅、粉、白等-4-10							本植物未在本次中部原生植物圖鑑索引中比對到明確條目。			全日照	耐旱	不耐積水	低	耐旱	農業部農業知識入口網植物圖鑑－緬梔	https://kmweb.moa.gov.tw/theme_data.php?theme=plant_illustration&id=102	農業部官方明載	2026-06-21	需要充足日照，土壤可略乾但忌潮濕，耐旱力強且稍耐貧瘠。
白水木	喬木	小喬木		3-8 m	3-6 m	10-35 cm				白-3-7	台灣原生種	白-3-7	至少 0.5 m	具開花、結果或樹冠棲息功能，可作誘鳥及授粉昆蟲友善植栽參考。	覆土建議至少 0.5 m；株距約15-25 cm；定植初期立支柱固定，定期修剪枯枝、病蟲枝並留意排水。	約 20 元	15-25 cm	246	資料取自《應用於綠建築之台灣原生植物圖鑑(中部)》第 246 頁；部分欄位因 PDF 特殊字型，以可辨識數值及既有花期資料整理。			全日照	耐旱	待查	低至中	耐旱	農業部農業知識入口網植物圖鑑－白水木	https://kmweb.moa.gov.tw/theme_data.php?theme=plant_illustration&id=366	農業部官方明載	2026-06-21	適合全日照，日照不足生長衰弱；野生植株具耐旱性，人工栽培應逐漸減少給水以恢復耐旱能力。
紅花玉芙蓉	灌木	灌木		1-2.5 m	1-2.5 m	???				粉紫-全年	待確認	粉紫-全年							本植物未在本次中部原生植物圖鑑索引中比對到明確條目。			全日照	稍耐旱	不耐積水	中	稍耐旱	尚未逐筆核實		第一批已檢索；農業部植物圖鑑未找到個別栽培頁，現值仍屬初步判定	2026-06-21	已檢索農業部植物圖鑑；尚需續查其他政府出版品或公立研究機構資料。
苦楝	喬木	大喬木		8-18 m	6-12 m	20-80 cm				淡紫-3-5	台灣原生種	淡紫-3-5	至少 1.0 m	具開花、結果或樹冠棲息功能，可作誘鳥及授粉昆蟲友善植栽參考。	覆土建議至少 1.0 m；株距約1.5-2.5 m；定植初期立支柱固定，定期修剪枯枝、病蟲枝並留意排水。	約 650 元	1.5-2.5 m	124	資料取自《應用於綠建築之台灣原生植物圖鑑(中部)》第 124 頁；部分欄位因 PDF 特殊字型，以可辨識數值及既有花期資料整理。			全日照	待查	不耐積水	中	無	農業部農業知識入口網植物圖鑑－苦楝	https://kmweb.moa.gov.tw/theme_data.php?theme=plant_illustration&id=539	農業部官方明載	2026-06-21	適合全日照，耐貧瘠且土壤適應性強，但應種於不積水地點；未直接記載耐旱性。
烏桕	喬木	大喬木	Sapium sebiferum	8-15 m	6-10 m	20-60 cm				黃綠-4-6	待確認	黃綠-4-6							本植物未在本次中部原生植物圖鑑索引中比對到明確條目。			全日照	待查	耐濕	中至高	耐濕	農業部農業知識入口網植物圖鑑－烏桕	https://kmweb.moa.gov.tw/theme_data.php?theme=plant_illustration&id=397	農業部官方明載	2026-06-21	喜充足日照與濕潤氣候，可生長於排水不良低窪地或間斷性水淹河岸；未直接記載耐旱性。
九芎	喬木	大喬木		6-15 m	4-8 m	15-50 cm				白-6-8	台灣原生種	白-6-8	至少 1.0 m	具開花、結果或樹冠棲息功能，可作誘鳥及授粉昆蟲友善植栽參考。	覆土建議至少 1.0 m；株距約1-2 m；定植初期立支柱固定，定期修剪枯枝、病蟲枝並留意排水。	約 1100 元	1-2 m	122	資料取自《應用於綠建築之台灣原生植物圖鑑(中部)》第 122 頁；部分欄位因 PDF 特殊字型，以可辨識數值及既有花期資料整理。			全日照	耐旱	不耐積水	低	耐旱	《應用於綠建築之台灣原生植物圖鑑(中部)》第 122 頁		第一批已檢索；農業部植物圖鑑未找到個別栽培頁，現值仍屬初步判定	2026-06-21	已檢索農業部植物圖鑑；尚需續查其他政府出版品或公立研究機構資料。
七里香	灌木	灌木		1.5-5 m	1.5-4 m	???				白-5-10	台灣原生種	白-5-10	至少 1.0 m	花期可吸引蝶類及授粉昆蟲，果實或枝葉亦可提供小型鳥類停棲。	覆土建議至少 1.0 m；株距約1-1.5 m；定期修剪維持株型與通風，移除老枝、枯枝及病蟲枝。		1-1.5 m	180	資料取自《應用於綠建築之台灣原生植物圖鑑(中部)》第 180 頁；部分欄位因 PDF 特殊字型，以可辨識數值及既有花期資料整理。			全日照	待查	不耐積水	中至高	無	農業部農業知識入口網植物圖鑑－七里香	https://kmweb.moa.gov.tw/theme_data.php?theme=plant_illustration&id=169	農業部官方明載	2026-06-21	性喜陽光、水分充足及土壤排水良好環境；未直接記載耐旱性。
黃花風鈴木	喬木	大喬木		6-12 m	4-8 m	15-50 cm				黃-2-4	待確認	黃-2-4							本植物未在本次中部原生植物圖鑑索引中比對到明確條目。			全日照	耐旱	不耐積水	低	耐旱	尚未逐筆核實		第一批已檢索；農業部植物圖鑑未找到個別栽培頁，現值仍屬初步判定	2026-06-21	已檢索農業部植物圖鑑；尚需續查其他政府出版品或公立研究機構資料。
台灣欒樹	喬木	大喬木		8-15 m	6-10 m	20-60 cm				黃-9-10	台灣原生種	黃-9-10	至少 1.0 m	具開花、結果或樹冠棲息功能，可作誘鳥及授粉昆蟲友善植栽參考。	覆土建議至少 1.0 m；株距約2-2.5 m；定植初期立支柱固定，定期修剪枯枝、病蟲枝並留意排水。	約 750 元	2-2.5 m	128	資料取自《應用於綠建築之台灣原生植物圖鑑(中部)》第 128 頁；部分欄位因 PDF 特殊字型，以可辨識數值及既有花期資料整理。			全日照	耐旱	不耐積水	低	耐旱	《應用於綠建築之台灣原生植物圖鑑(中部)》第 128 頁		第一批已檢索；農業部植物圖鑑未找到個別栽培頁，現值仍屬初步判定	2026-06-21	已檢索農業部植物圖鑑；尚需續查其他政府出版品或公立研究機構資料。
變葉木	灌木	灌木		1-3 m	1-2.5 m	???				黃白-全年	外來種	黃白-全年							本植物未在本次中部原生植物圖鑑索引中比對到明確條目。			全日照至半日照	耐旱	不耐積水	低	耐旱	尚未逐筆核實		第一批已檢索；農業部植物圖鑑未找到個別栽培頁，現值仍屬初步判定	2026-06-21	已檢索農業部植物圖鑑；尚需續查其他政府出版品或公立研究機構資料。
麥門冬	草本	草本		0.15-0.35 m	0.2-0.4 m	???				淡紫至白-5-8	台灣原生種	淡紫至白-5-8		花期可作誘蝶或授粉昆蟲友善植栽參考，並提供地被棲地功能。	維持介質排水與適度濕潤，定期修剪老葉、蔓莖或過密植株。			358	資料取自《應用於綠建築之台灣原生植物圖鑑(中部)》第 358 頁；部分欄位因 PDF 特殊字型，以可辨識數值及既有花期資料整理。			半日照至遮陰	耐旱	稍耐濕	中	耐旱/稍耐濕	農業部農業知識入口網植物圖鑑－麥門冬	https://kmweb.moa.gov.tw/theme_data.php?theme=plant_illustration&id=223	農業部官方明載與保守歸類	2026-06-21	明載耐陰、耐旱，可在潮濕陰涼林蔭下生長；介質仍以排水良好砂質壤土為佳，因此歸為稍耐濕而非耐積水。
福建茶	灌木	灌木		0.8-3 m	0.8-2.5 m	???				白-4-10	台灣原生種	白-4-10							本植物未在本次中部原生植物圖鑑索引中比對到明確條目。			全日照至半日照	耐旱	不耐積水	低	耐旱	尚未逐筆核實		第一批已檢索；農業部植物圖鑑未找到個別栽培頁，現值仍屬初步判定	2026-06-21	已檢索農業部植物圖鑑；尚需續查其他政府出版品或公立研究機構資料。
小葉欖仁	喬木	大喬木		8-18 m	5-10 m	20-70 cm				白綠-5-8	外來種	白綠-5-8	至少 1.0 m	具開花、結果或樹冠棲息功能，可作誘鳥及授粉昆蟲友善植栽參考。	覆土建議至少 1.0 m；株距約2-2.5 m；定植初期立支柱固定，定期修剪枯枝、病蟲枝並留意排水。	約 700 元	2-2.5 m	136	資料取自《應用於綠建築之台灣原生植物圖鑑(中部)》第 136 頁；部分欄位因 PDF 特殊字型，以可辨識數值及既有花期資料整理。			全日照	耐旱	不耐積水	低	耐旱	《應用於綠建築之台灣原生植物圖鑑(中部)》第 136 頁		初步判定，尚未逐筆官方來源複核	2026-06-21	
竹柏	喬木	大喬木		8-20 m	4-8 m	20-70 cm				不明顯-3-5	台灣原生種	不明顯-3-5	至少 0.5 m	以地被、棲地覆蓋及微氣候調節為主；誘鳥誘蝶非主要特性。	覆土建議至少 0.5 m；株距約60-100 cm；定植初期立支柱固定，定期修剪枯枝、病蟲枝並留意排水。	約 40 元	60-100 cm	226	資料取自《應用於綠建築之台灣原生植物圖鑑(中部)》第 226 頁；部分欄位因 PDF 特殊字型，以可辨識數值及既有花期資料整理。			半日照至遮陰	待查	不耐積水	中	無	《應用於綠建築之台灣原生植物圖鑑(中部)》第 226 頁		初步判定，尚未逐筆官方來源複核	2026-06-21	
大花紫薇	喬木	大喬木		8-15 m	6-10 m	20-70 cm				紫粉-5-8	待確認	紫粉-5-8							本植物未在本次中部原生植物圖鑑索引中比對到明確條目。			全日照	稍耐旱	不耐積水	中	稍耐旱	尚未逐筆核實		初步判定，尚未逐筆官方來源複核	2026-06-21	
洋紅風鈴木	喬木	大喬木		6-12 m	4-8 m	15-50 cm				粉紅至紫紅-2-4	待確認	粉紅至紫紅-2-4							本植物未在本次中部原生植物圖鑑索引中比對到明確條目。			全日照	耐旱	不耐積水	低	耐旱	尚未逐筆核實		初步判定，尚未逐筆官方來源複核	2026-06-21	
棕竹	灌木	灌木		1.5-4 m	1-3 m	???				淡黃-4-6	台灣原生種	淡黃-4-6							本植物未在本次中部原生植物圖鑑索引中比對到明確條目。			半日照至遮陰	稍耐旱	稍耐濕	中	稍耐旱/稍耐濕	尚未逐筆核實		初步判定，尚未逐筆官方來源複核	2026-06-21	
榔榆	喬木	大喬木		8-20 m	6-12 m	20-80 cm				黃綠-8-10	台灣原生種	黃綠-8-10	至少 1.0 m	具開花、結果或樹冠棲息功能，可作誘鳥及授粉昆蟲友善植栽參考。	覆土建議至少 1.0 m；株距約60-100 cm；定植初期立支柱固定，定期修剪枯枝、病蟲枝並留意排水。	約 60 元	60-100 cm	132	資料取自《應用於綠建築之台灣原生植物圖鑑(中部)》第 132 頁；部分欄位因 PDF 特殊字型，以可辨識數值及既有花期資料整理。			全日照	待查	不耐積水	中	無	《應用於綠建築之台灣原生植物圖鑑(中部)》第 132 頁		初步判定，尚未逐筆官方來源複核	2026-06-21	
矮仙丹	灌木	灌木		0.5-1.5 m	0.6-1.5 m	???				紅、橙、黃-4-11	外來種	紅、橙、黃-4-11							本植物未在本次中部原生植物圖鑑索引中比對到明確條目。			全日照	耐旱	不耐積水	中	耐旱	尚未逐筆核實		初步判定，尚未逐筆官方來源複核	2026-06-21	
越橘葉蔓榕	草本	草本		0.1-0.3 m	匍匐擴展	???				不明顯-不定	待確認	不明顯-不定		以地被、棲地覆蓋及微氣候調節為主；誘鳥誘蝶非主要特性。	維持介質排水與適度濕潤，定期修剪老葉、蔓莖或過密植株。			364	資料取自《應用於綠建築之台灣原生植物圖鑑(中部)》第 364 頁；部分欄位因 PDF 特殊字型，以可辨識數值及既有花期資料整理。			半日照至遮陰	待查	稍耐濕	中	稍耐濕	《應用於綠建築之台灣原生植物圖鑑(中部)》第 364 頁		初步判定，尚未逐筆官方來源複核	2026-06-21	
六月雪	灌木	灌木		0.3-1 m	0.5-1.2 m	???				白至淡粉-5-7	外來種	白至淡粉-5-7	至少 0.5 m	花期可吸引蝶類及授粉昆蟲，果實或枝葉亦可提供小型鳥類停棲。	覆土建議至少 0.5 m；株距約1-1.5 m；定期修剪維持株型與通風，移除老枝、枯枝及病蟲枝。	約 70 元	1-1.5 m	272	資料取自《應用於綠建築之台灣原生植物圖鑑(中部)》第 272 頁；部分欄位因 PDF 特殊字型，以可辨識數值及既有花期資料整理。			全日照至半日照	耐旱	不耐積水	低	耐旱	《應用於綠建築之台灣原生植物圖鑑(中部)》第 272 頁		初步判定，尚未逐筆官方來源複核	2026-06-21	
馬纓丹	灌木	灌木		0.5-2 m	0.8-2 m	???				黃、橙、粉、紫-全年	外來種	黃、橙、粉、紫-全年							本植物未在本次中部原生植物圖鑑索引中比對到明確條目。			全日照	耐旱	不耐積水	低	耐旱	尚未逐筆核實		初步判定，尚未逐筆官方來源複核	2026-06-21	
茶花	灌木	灌木		1.5-5 m	1.5-4 m	???				紅、粉、白-11-3	外來種	紅、粉、白-11-3							本植物未在本次中部原生植物圖鑑索引中比對到明確條目。			全日照至半日照	待查	不耐積水	中	無	尚未逐筆核實		初步判定，尚未逐筆官方來源複核	2026-06-21	
雲南黃馨	草本	草本		1-3 m	2-4 m	???				黃-2-4	待確認	黃-2-4							本植物未在本次中部原生植物圖鑑索引中比對到明確條目。			全日照	稍耐旱	不耐積水	中	稍耐旱	尚未逐筆核實		初步判定，尚未逐筆官方來源複核	2026-06-21	
射干	草本	草本		0.5-1.2 m	0.4-0.8 m	???				橙紅斑點-6-9	台灣原生種	橙紅斑點-6-9							本植物未在本次中部原生植物圖鑑索引中比對到明確條目。			全日照	稍耐旱	不耐積水	中	稍耐旱	尚未逐筆核實		初步判定，尚未逐筆官方來源複核	2026-06-21	
斑葉鵝掌藤	灌木	灌木		1-3 m	1-3 m	???				黃綠-10-12	待確認	黃綠-10-12							本植物未在本次中部原生植物圖鑑索引中比對到明確條目。			半日照至遮陰	耐旱	不耐積水	低	耐旱	尚未逐筆核實		初步判定，尚未逐筆官方來源複核	2026-06-21	
狐尾武竹	草本	草本		0.3-0.8 m	0.4-1 m	???				白-5-8	待確認	白-5-8							本植物未在本次中部原生植物圖鑑索引中比對到明確條目。			半日照至遮陰	待查	不耐積水	中	無	尚未逐筆核實		初步判定，尚未逐筆官方來源複核	2026-06-21	
鳳凰木	喬木	大喬木		8-15 m	10-18 m	30-100 cm				橙紅-5-7	外來種	橙紅-5-7							本植物未在本次中部原生植物圖鑑索引中比對到明確條目。			全日照	耐旱	不耐積水	低	耐旱	尚未逐筆核實		初步判定，尚未逐筆官方來源複核	2026-06-21	
蔓綠絨	草本	草本		1-3 m	1.5-3 m	???				白綠-不定	待確認	白綠-不定							本植物未在本次中部原生植物圖鑑索引中比對到明確條目。			半日照至遮陰	不耐旱	耐濕	高	耐濕	尚未逐筆核實		初步判定，尚未逐筆官方來源複核	2026-06-21	
梔子花	灌木	灌木		0.8-2.5 m	1-2.5 m	???				白-4-8	待確認	白-4-8							本植物未在本次中部原生植物圖鑑索引中比對到明確條目。			全日照至半日照	稍耐旱	不耐積水	中	稍耐旱	尚未逐筆核實		初步判定，尚未逐筆官方來源複核	2026-06-21	
黃槿	喬木	小喬木		4-10 m	4-8 m	15-50 cm				黃-5-10	台灣原生種	黃-5-10	至少 1.0 m	具開花、結果或樹冠棲息功能，可作誘鳥及授粉昆蟲友善植栽參考。	覆土建議至少 1.0 m；株距約2-2.5 m；定植初期立支柱固定，定期修剪枯枝、病蟲枝並留意排水。	約 40 元	2-2.5 m	196	資料取自《應用於綠建築之台灣原生植物圖鑑(中部)》第 196 頁；部分欄位因 PDF 特殊字型，以可辨識數值及既有花期資料整理。			全日照	耐旱	不耐積水	低	耐旱	《應用於綠建築之台灣原生植物圖鑑(中部)》第 196 頁		初步判定，尚未逐筆官方來源複核	2026-06-21	
朱槿	灌木	灌木		1.5-4 m	1.5-3 m	???				紅、粉、黃等-全年	外來種	紅、粉、黃等-全年							本植物未在本次中部原生植物圖鑑索引中比對到明確條目。			全日照	耐旱	不耐積水	中	耐旱	尚未逐筆核實		初步判定，尚未逐筆官方來源複核	2026-06-21	
蔓花生	草本	草本		0.1-0.2 m	匍匐擴展	???				黃-4-11	外來種	黃-4-11							本植物未在本次中部原生植物圖鑑索引中比對到明確條目。			全日照	耐旱	不耐積水	中	耐旱	尚未逐筆核實		初步判定，尚未逐筆官方來源複核	2026-06-21	
三星果藤	草本	草本		攀爬可達3-8 m	纏繞攀爬	???				黃-5-10	待確認	黃-5-10	至少 0.3 m	花期可作誘蝶或授粉昆蟲友善植栽參考，並提供地被棲地功能。	覆土建議至少 0.3 m；株距約20-30 cm；維持介質排水與適度濕潤，定期修剪老葉、蔓莖或過密植株。		20-30 cm	298	資料取自《應用於綠建築之台灣原生植物圖鑑(中部)》第 298 頁；部分欄位因 PDF 特殊字型，以可辨識數值及既有花期資料整理。			全日照	稍耐旱	不耐積水	中	稍耐旱	《應用於綠建築之台灣原生植物圖鑑(中部)》第 298 頁		初步判定，尚未逐筆官方來源複核	2026-06-21	
薜荔	草本	草本		攀附可達5-15 m	攀附擴展	???				不明顯-不定	待確認	不明顯-不定	至少 0.3 m	以地被、棲地覆蓋及微氣候調節為主；誘鳥誘蝶非主要特性。	覆土建議至少 0.3 m；株距約20-30 cm；維持介質排水與適度濕潤，定期修剪老葉、蔓莖或過密植株。		20-30 cm	300	資料取自《應用於綠建築之台灣原生植物圖鑑(中部)》第 300 頁；部分欄位因 PDF 特殊字型，以可辨識數值及既有花期資料整理。			全日照至半日照	稍耐旱	不耐積水	中	稍耐旱	《應用於綠建築之台灣原生植物圖鑑(中部)》第 300 頁		初步判定，尚未逐筆官方來源複核	2026-06-21	
蘭嶼羅漢松	喬木	大喬木		5-12 m	3-7 m	15-50 cm				不明顯-3-5	台灣原生種	不明顯-3-5	至少 0.5 m	以地被、棲地覆蓋及微氣候調節為主；誘鳥誘蝶非主要特性。	覆土建議至少 0.5 m；株距約40-60 cm；定植初期立支柱固定，定期修剪枯枝、病蟲枝並留意排水。	約 250 元	40-60 cm	230	資料取自《應用於綠建築之台灣原生植物圖鑑(中部)》第 230 頁；部分欄位因 PDF 特殊字型，以可辨識數值及既有花期資料整理。			全日照至半日照	耐旱	不耐積水	低	耐旱	《應用於綠建築之台灣原生植物圖鑑(中部)》第 230 頁		初步判定，尚未逐筆官方來源複核	2026-06-21	
鐵刀木	喬木	大喬木		8-15 m	5-10 m	20-70 cm				黃-3-6	待確認	黃-3-6							本植物未在本次中部原生植物圖鑑索引中比對到明確條目。			全日照	耐旱	不耐積水	低	耐旱	尚未逐筆核實		初步判定，尚未逐筆官方來源複核	2026-06-21	
厚皮香	喬木	小喬木		4-10 m	3-6 m	10-40 cm				白至淡黃-5-7	台灣原生種	白至淡黃-5-7	至少 1.0 m	具開花、結果或樹冠棲息功能，可作誘鳥及授粉昆蟲友善植栽參考。	覆土建議至少 1.0 m；株距約3-4 m；定植初期立支柱固定，定期修剪枯枝、病蟲枝並留意排水。	約 2500 元	3-4 m	188	資料取自《應用於綠建築之台灣原生植物圖鑑(中部)》第 188 頁；部分欄位因 PDF 特殊字型，以可辨識數值及既有花期資料整理。			全日照	稍耐旱	不耐積水	中	稍耐旱	《應用於綠建築之台灣原生植物圖鑑(中部)》第 188 頁		初步判定，尚未逐筆官方來源複核	2026-06-21	
玉蘭花	喬木	大喬木		8-18 m	5-10 m	20-70 cm				黃白至橙黃-4-9	台灣原生種	黃白至橙黃-4-9							本植物未在本次中部原生植物圖鑑索引中比對到明確條目。			全日照至半日照	稍耐旱	不耐積水	中	稍耐旱	尚未逐筆核實		初步判定，尚未逐筆官方來源複核	2026-06-21	
龍柏	喬木	小喬木		3-8 m	1-3 m	10-35 cm				不明顯-3-5	外來種	不明顯-3-5							本植物未在本次中部原生植物圖鑑索引中比對到明確條目。			全日照至半日照	耐旱	不耐積水	低	耐旱	尚未逐筆核實		初步判定，尚未逐筆官方來源複核	2026-06-21	
土肉桂	喬木	大喬木		8-20 m	5-10 m	20-70 cm				黃綠-3-5	台灣原生種	黃綠-3-5							本植物未在本次中部原生植物圖鑑索引中比對到明確條目。			全日照至半日照	稍耐旱	不耐積水	中	稍耐旱	尚未逐筆核實		初步判定，尚未逐筆官方來源複核	2026-06-21	
魚木	喬木	大喬木		5-15 m	4-8 m	15-50 cm				白至淡黃-3-6	台灣原生種	白至淡黃-3-6	至少 1.0 m	具開花、結果或樹冠棲息功能，可作誘鳥及授粉昆蟲友善植栽參考。	覆土建議至少 1.0 m；株距約2-3 m；定植初期立支柱固定，定期修剪枯枝、病蟲枝並留意排水。	約 450 元	2-3 m	210	資料取自《應用於綠建築之台灣原生植物圖鑑(中部)》第 210 頁；部分欄位因 PDF 特殊字型，以可辨識數值及既有花期資料整理。			全日照	耐旱	不耐積水	低	耐旱	《應用於綠建築之台灣原生植物圖鑑(中部)》第 210 頁		初步判定，尚未逐筆官方來源複核	2026-06-21	
黑松	喬木	大喬木		8-25 m	5-12 m	25-100 cm				不明顯-3-5	台灣原生種	不明顯-3-5							本植物未在本次中部原生植物圖鑑索引中比對到明確條目。			全日照	耐旱	不耐積水	低	耐旱	尚未逐筆核實		初步判定，尚未逐筆官方來源複核	2026-06-21	
爬牆虎	草本	草本		攀附可達10-20 m	攀附擴展	???				黃綠-5-7	待確認	黃綠-5-7							本植物未在本次中部原生植物圖鑑索引中比對到明確條目。			全日照至半日照	稍耐旱	不耐積水	中	稍耐旱	尚未逐筆核實		初步判定，尚未逐筆官方來源複核	2026-06-21	
文殊蘭	草本	草本		0.6-1.5 m	0.8-1.5 m	???				白-5-9	待確認	白-5-9		花期可作誘蝶或授粉昆蟲友善植栽參考，並提供地被棲地功能。	維持介質排水與適度濕潤，定期修剪老葉、蔓莖或過密植株。			314	資料取自《應用於綠建築之台灣原生植物圖鑑(中部)》第 314 頁；部分欄位因 PDF 特殊字型，以可辨識數值及既有花期資料整理。			全日照	耐旱	不耐積水	低	耐旱	《應用於綠建築之台灣原生植物圖鑑(中部)》第 314 頁		初步判定，尚未逐筆官方來源複核	2026-06-21	
炮仗花	草本	草本		攀爬可達5-15 m	纏繞攀爬	???				橙-1-4	待確認	橙-1-4							本植物未在本次中部原生植物圖鑑索引中比對到明確條目。			全日照	耐旱	不耐積水	低	耐旱	尚未逐筆核實		初步判定，尚未逐筆官方來源複核	2026-06-21	
洋玉蘭	喬木	大喬木		8-20 m	5-10 m	20-80 cm				白-5-8	外來種	白-5-8							本植物未在本次中部原生植物圖鑑索引中比對到明確條目。			全日照至半日照	稍耐旱	不耐積水	中	稍耐旱	尚未逐筆核實		初步判定，尚未逐筆官方來源複核	2026-06-21	
使君子	草本	草本		攀爬可達3-8 m	纏繞攀爬	???				白轉粉紅至紅-5-10	待確認	白轉粉紅至紅-5-10							本植物未在本次中部原生植物圖鑑索引中比對到明確條目。			全日照	耐旱	不耐積水	低	耐旱	尚未逐筆核實		初步判定，尚未逐筆官方來源複核	2026-06-21	
艷紫荊	喬木	大喬木		6-12 m	5-10 m	15-50 cm				紫紅-10-3	待確認	紫紅-10-3							本植物未在本次中部原生植物圖鑑索引中比對到明確條目。			全日照	耐旱	不耐積水	低	耐旱	尚未逐筆核實		初步判定，尚未逐筆官方來源複核	2026-06-21	
闊葉麥門冬	草本	草本		0.3-0.7 m	0.4-0.8 m	???				淡紫至白-5-8	待確認	淡紫至白-5-8		花期可作誘蝶或授粉昆蟲友善植栽參考，並提供地被棲地功能。	維持介質排水與適度濕潤，定期修剪老葉、蔓莖或過密植株。			358	資料取自《應用於綠建築之台灣原生植物圖鑑(中部)》第 358 頁；部分欄位因 PDF 特殊字型，以可辨識數值及既有花期資料整理。			半日照至遮陰	待查	稍耐濕	中	稍耐濕	《應用於綠建築之台灣原生植物圖鑑(中部)》第 358 頁		初步判定，尚未逐筆官方來源複核	2026-06-21	
大鄧伯花	草本	草本		攀爬可達3-8 m	纏繞攀爬	???				紫-3-6	待確認	紫-3-6							本植物未在本次中部原生植物圖鑑索引中比對到明確條目。			全日照	稍耐旱	不耐積水	中	稍耐旱	尚未逐筆核實		初步判定，尚未逐筆官方來源複核	2026-06-21	
臺灣野牡丹藤	草本	草本		1-3 m	蔓性懸垂	???				粉紅-5-9	台灣原生種	粉紅-5-9	至少 0.5 m	花期可作誘蝶或授粉昆蟲友善植栽參考，並提供地被棲地功能。	覆土建議至少 0.5 m；株距約30-50 cm；維持介質排水與適度濕潤，定期修剪老葉、蔓莖或過密植株。	約 30 元	30-50 cm	256	資料取自《應用於綠建築之台灣原生植物圖鑑(中部)》第 256 頁；部分欄位因 PDF 特殊字型，以可辨識數值及既有花期資料整理。			半日照至遮陰	待查	稍耐濕	中	稍耐濕	《應用於綠建築之台灣原生植物圖鑑(中部)》第 256 頁		初步判定，尚未逐筆官方來源複核	2026-06-21	
馬蹄金	草本	草本		0.02-0.08 m	匍匐擴展	???				黃綠-4-9	待確認	黃綠-4-9		花期可作誘蝶或授粉昆蟲友善植栽參考，並提供地被棲地功能。	維持介質排水與適度濕潤，定期修剪老葉、蔓莖或過密植株。			354	資料取自《應用於綠建築之台灣原生植物圖鑑(中部)》第 354 頁；部分欄位因 PDF 特殊字型，以可辨識數值及既有花期資料整理。			全日照至半日照	稍耐旱	稍耐濕	中	稍耐旱/稍耐濕	《應用於綠建築之台灣原生植物圖鑑(中部)》第 354 頁		初步判定，尚未逐筆官方來源複核	2026-06-21	
凌霄花	草本	草本		攀爬可達5-10 m	纏繞攀爬	???				橙紅-5-9	待確認	橙紅-5-9							本植物未在本次中部原生植物圖鑑索引中比對到明確條目。			全日照	耐旱	不耐積水	低	耐旱	尚未逐筆核實		初步判定，尚未逐筆官方來源複核	2026-06-21	
鵝掌柴	喬木	小喬木		3-10 m	3-6 m	10-35 cm				黃綠-10-12	台灣原生種	黃綠-10-12	至少 0.5 m	具開花、結果或樹冠棲息功能，可作誘鳥及授粉昆蟲友善植栽參考。	覆土建議至少 0.5 m；株距約1-2 m；定植初期立支柱固定，定期修剪枯枝、病蟲枝並留意排水。	約 55 元	1-2 m	242	資料取自《應用於綠建築之台灣原生植物圖鑑(中部)》第 242 頁；部分欄位因 PDF 特殊字型，以可辨識數值及既有花期資料整理。			全日照至半日照	稍耐旱	稍耐濕	中	稍耐旱/稍耐濕	《應用於綠建築之台灣原生植物圖鑑(中部)》第 242 頁		初步判定，尚未逐筆官方來源複核	2026-06-21	
五彩千年木	灌木	灌木		1.5-4 m	0.8-2 m	???				白至淡粉-不定	待確認	白至淡粉-不定							本植物未在本次中部原生植物圖鑑索引中比對到明確條目。			全日照至半日照	耐旱	不耐積水	低	耐旱	尚未逐筆核實		初步判定，尚未逐筆官方來源複核	2026-06-21	
南洋櫻	喬木	大喬木		5-12 m	5-10 m	15-50 cm				白-全年	待確認	白-全年							本植物未在本次中部原生植物圖鑑索引中比對到明確條目。			全日照	稍耐旱	不耐積水	中	稍耐旱	尚未逐筆核實		初步判定，尚未逐筆官方來源複核	2026-06-21	
南洋含笑	喬木	大喬木		8-18 m	5-10 m	20-70 cm				黃至橙黃-3-9	待確認	黃至橙黃-3-9							本植物未在本次中部原生植物圖鑑索引中比對到明確條目。			全日照至半日照	稍耐旱	不耐積水	中	稍耐旱	尚未逐筆核實		初步判定，尚未逐筆官方來源複核	2026-06-21	
黃鐘花	喬木	小喬木		2-6 m	2-5 m	10-30 cm				黃-4-11	待確認	黃-4-11							本植物未在本次中部原生植物圖鑑索引中比對到明確條目。			全日照	耐旱	不耐積水	中	耐旱	尚未逐筆核實		初步判定，尚未逐筆官方來源複核	2026-06-21	
洋紅西番蓮	草本	草本		攀爬可達3-8 m	纏繞攀爬	???				紅-5-10	待確認	紅-5-10							本植物未在本次中部原生植物圖鑑索引中比對到明確條目。			全日照	稍耐旱	不耐積水	中	稍耐旱	尚未逐筆核實		初步判定，尚未逐筆官方來源複核	2026-06-21	
臺灣油點草	草本	草本		0.3-0.8 m	0.3-0.6 m	???				白底紫斑-8-11	台灣原生種	白底紫斑-8-11							本植物未在本次中部原生植物圖鑑索引中比對到明確條目。			半日照至遮陰	不耐旱	耐濕	高	耐濕	尚未逐筆核實		初步判定，尚未逐筆官方來源複核	2026-06-21	
木玫瑰	草本	草本		攀爬可達5-10 m	纏繞攀爬	???				黃-6-11	待確認	黃-6-11							本植物未在本次中部原生植物圖鑑索引中比對到明確條目。			全日照	稍耐旱	不耐積水	中	稍耐旱	尚未逐筆核實		初步判定，尚未逐筆官方來源複核	2026-06-21	
臥柏	喬木	小喬木		0.3-1 m	1.5-4 m	???				不明顯-3-5	外來種	不明顯-3-5							本植物未在本次中部原生植物圖鑑索引中比對到明確條目。			全日照至半日照	耐旱	不耐積水	低	耐旱	尚未逐筆核實		初步判定，尚未逐筆官方來源複核	2026-06-21	
尖尾姑婆芋	草本	草本		0.5-1.2 m	0.6-1.5 m	???				黃綠至白-4-9	待確認	黃綠至白-4-9	至少 0.3 m	花期可作誘蝶或授粉昆蟲友善植栽參考，並提供地被棲地功能。	覆土建議至少 0.3 m；株距約1-1.5 m；維持介質排水與適度濕潤，定期修剪老葉、蔓莖或過密植株。		1-1.5 m	318	資料取自《應用於綠建築之台灣原生植物圖鑑(中部)》第 318 頁；部分欄位因 PDF 特殊字型，以可辨識數值及既有花期資料整理。			半日照至遮陰	不耐旱	耐濕	高	耐濕	《應用於綠建築之台灣原生植物圖鑑(中部)》第 318 頁		初步判定，尚未逐筆官方來源複核	2026-06-21	
臺灣三角楓	喬木	大喬木		6-15 m	5-10 m	15-60 cm				黃綠-3-5	台灣原生種	黃綠-3-5							本植物未在本次中部原生植物圖鑑索引中比對到明確條目。			全日照	稍耐旱	不耐積水	中	稍耐旱	尚未逐筆核實		初步判定，尚未逐筆官方來源複核	2026-06-21	
重瓣紅石榴	喬木	小喬木		2-5 m	2-4 m	8-25 cm				紅-4-7	待確認	紅-4-7							本植物未在本次中部原生植物圖鑑索引中比對到明確條目。			全日照	稍耐旱	不耐積水	中	稍耐旱	尚未逐筆核實		初步判定，尚未逐筆官方來源複核	2026-06-21	
黃玉蘭	喬木	大喬木		8-18 m	5-10 m	20-70 cm				黃-5-9	待確認	黃-5-9							本植物未在本次中部原生植物圖鑑索引中比對到明確條目。			全日照至半日照	稍耐旱	不耐積水	中	稍耐旱	尚未逐筆核實		初步判定，尚未逐筆官方來源複核	2026-06-21	
黃金蒲桃	喬木	小喬木		4-10 m	3-6 m	10-40 cm				黃-10-12	待確認	黃-10-12							本植物未在本次中部原生植物圖鑑索引中比對到明確條目。			全日照	耐旱	不耐積水	低	耐旱	尚未逐筆核實		初步判定，尚未逐筆官方來源複核	2026-06-21	
錫葉藤	草本	草本		攀爬可達3-8 m	纏繞攀爬	???				紫-3-6	待確認	紫-3-6							本植物未在本次中部原生植物圖鑑索引中比對到明確條目。			全日照	耐旱	不耐積水	低	耐旱	尚未逐筆核實		初步判定，尚未逐筆官方來源複核	2026-06-21	
小葉桑	喬木	大喬木		4-12 m	4-8 m	15-50 cm				黃綠-3-5	台灣原生種	黃綠-3-5	至少 0.5 m	具開花、結果或樹冠棲息功能，可作誘鳥及授粉昆蟲友善植栽參考。	覆土建議至少 0.5 m；株距約70-100 cm；定植初期立支柱固定，定期修剪枯枝、病蟲枝並留意排水。	約 200 元	70-100 cm	222	資料取自《應用於綠建築之台灣原生植物圖鑑(中部)》第 222 頁；部分欄位因 PDF 特殊字型，以可辨識數值及既有花期資料整理。			全日照	稍耐旱	不耐積水	中	稍耐旱	《應用於綠建築之台灣原生植物圖鑑(中部)》第 222 頁		初步判定，尚未逐筆官方來源複核	2026-06-21	
銀葉菊	灌木	灌木		0.3-0.8 m	0.3-0.8 m	???				黃-5-8	待確認	黃-5-8							本植物未在本次中部原生植物圖鑑索引中比對到明確條目。			全日照	耐旱	不耐積水	低	耐旱	尚未逐筆核實		初步判定，尚未逐筆官方來源複核	2026-06-21	
台灣百合	草本	草本		0.5-1.8 m	0.3-0.6 m	???				白-4-8	台灣原生種	白-4-8	至少 0.3 m	花期可作誘蝶或授粉昆蟲友善植栽參考，並提供地被棲地功能。	覆土建議至少 0.3 m；株距約15-20 cm；維持介質排水與適度濕潤，定期修剪老葉、蔓莖或過密植株。		15-20 cm	336	資料取自《應用於綠建築之台灣原生植物圖鑑(中部)》第 336 頁；部分欄位因 PDF 特殊字型，以可辨識數值及既有花期資料整理。			全日照	稍耐旱	不耐積水	中	稍耐旱	《應用於綠建築之台灣原生植物圖鑑(中部)》第 336 頁		初步判定，尚未逐筆官方來源複核	2026-06-21	
美葉蘇鐵	灌木	灌木		0.5-1.5 m	1-2 m	???				不明顯-不定	待確認	不明顯-不定							本植物未在本次中部原生植物圖鑑索引中比對到明確條目。			全日照	耐旱	不耐積水	低	耐旱	尚未逐筆核實		初步判定，尚未逐筆官方來源複核	2026-06-21	
金邊露兜	草本	草本		0.5-1.2 m	0.8-1.5 m	???				不明顯-不定	待確認	不明顯-不定							本植物未在本次中部原生植物圖鑑索引中比對到明確條目。			全日照	耐旱	不耐積水	低	耐旱	尚未逐筆核實		初步判定，尚未逐筆官方來源複核	2026-06-21	
辛夷	喬木	小喬木	Magnolia liliiflora	3-5 m	2-4 m	8-25 cm	落葉小喬木或灌木，杯形至卵形樹冠	紫紅至粉紫	2-4	紫紅至粉紫-2-4	外來種	紫紅至粉紫-2-4	至少 0.8 m	具遮蔭、開花或結果機能，可作誘鳥及授粉昆蟲友善植栽參考。	覆土建議至少 0.8 m；株距約2.5-4 m；定植初期立支柱固定，定期修剪枯枝、病蟲枝並留意排水。		2.5-4 m		本次未能在《應用於綠建築之台灣原生植物圖鑑(中部)》已抽取索引中比對到明確條目；基本資料優先依官方名錄查核學名，景觀規格仍需依苗圃規格校正。	https://taicol.tw/zh-hant/catalogue?keyword=%E8%BE%9B%E5%A4%B7	園藝景觀常用木蘭類；基本規格供報告書初稿參考，正式採購仍需依苗圃規格校正。	全日照至半日照	稍耐旱	不耐積水	中	稍耐旱	尚未逐筆核實		初步判定，尚未逐筆官方來源複核	2026-06-21	
茄苳	喬木	大喬木	Bischofia javanica	10-25 m	8-15 m	30-100 cm	常綠大喬木，樹冠寬廣圓傘形	黃綠	3-5	黃綠-3-5	台灣原生種	黃綠-3-5	至少 1.0 m	具遮蔭、開花或結果機能，可作誘鳥及授粉昆蟲友善植栽參考。	覆土建議至少 1.0 m；株距約4-6 m；定植初期立支柱固定，定期修剪枯枝、病蟲枝並留意排水。		4-6 m		本次未能在《應用於綠建築之台灣原生植物圖鑑(中部)》已抽取索引中比對到明確條目；基本資料優先依官方名錄查核學名，景觀規格仍需依苗圃規格校正。	https://taicol.tw/zh-hant/catalogue?keyword=%E8%8C%84%E8%8B%B3	果實可供鳥類取食，適合大型綠地與行道樹使用。	全日照	不耐旱	耐濕	高	耐濕	尚未逐筆核實		初步判定，尚未逐筆官方來源複核	2026-06-21	
柚子樹	喬木	小喬木	Citrus maxima	5-10 m	4-8 m	15-40 cm	常綠小喬木，圓形樹冠	白	3-5	白-3-5	外來種	白-3-5	至少 0.8 m	具遮蔭、開花或結果機能，可作誘鳥及授粉昆蟲友善植栽參考。	覆土建議至少 0.8 m；株距約2.5-4 m；定植初期立支柱固定，定期修剪枯枝、病蟲枝並留意排水。		2.5-4 m		本次未能在《應用於綠建築之台灣原生植物圖鑑(中部)》已抽取索引中比對到明確條目；基本資料優先依官方名錄查核學名，景觀規格仍需依苗圃規格校正。	https://taicol.tw/zh-hant/catalogue?keyword=%E6%9F%9A%E5%AD%90%E6%A8%B9	果樹型植栽；作景觀使用時需留意落果、刺枝與維護空間。	全日照	稍耐旱	不耐積水	中	稍耐旱	尚未逐筆核實		初步判定，尚未逐筆官方來源複核	2026-06-21	
光蠟	喬木	大喬木	Fraxinus griffithii	8-20 m	5-10 m	20-70 cm	常綠至半落葉喬木，樹形直立	白	4-6	白-4-6	台灣原生種	白-4-6	至少 1.0 m	具遮蔭、開花或結果機能，可作誘鳥及授粉昆蟲友善植栽參考。	覆土建議至少 1.0 m；株距約4-6 m；定植初期立支柱固定，定期修剪枯枝、病蟲枝並留意排水。		4-6 m		本次未能在《應用於綠建築之台灣原生植物圖鑑(中部)》已抽取索引中比對到明確條目；基本資料優先依官方名錄查核學名，景觀規格仍需依苗圃規格校正。	https://taicol.tw/zh-hant/catalogue?keyword=%E5%85%89%E8%A0%9F	亦稱光蠟樹、白雞油；樹液可吸引昆蟲，作生態友善植栽可參考。	全日照	耐旱	不耐積水	低	耐旱	尚未逐筆核實		初步判定，尚未逐筆官方來源複核	2026-06-21	
黃連木	喬木	大喬木	Pistacia chinensis	10-20 m	6-12 m	25-80 cm	落葉大喬木，樹冠開展	黃綠至紅褐	3-4	黃綠至紅褐-3-4	台灣原生種	黃綠至紅褐-3-4	至少 1.0 m	具遮蔭、開花或結果機能，可作誘鳥及授粉昆蟲友善植栽參考。	覆土建議至少 1.0 m；株距約4-6 m；定植初期立支柱固定，定期修剪枯枝、病蟲枝並留意排水。		4-6 m		本次未能在《應用於綠建築之台灣原生植物圖鑑(中部)》已抽取索引中比對到明確條目；基本資料優先依官方名錄查核學名，景觀規格仍需依苗圃規格校正。	https://taicol.tw/zh-hant/catalogue?keyword=%E9%BB%83%E9%80%A3%E6%9C%A8	秋冬葉色具觀賞性，果實可提供鳥類食源。	全日照	耐旱	不耐積水	低	耐旱	尚未逐筆核實		初步判定，尚未逐筆官方來源複核	2026-06-21	
朴樹	喬木	大喬木	Celtis sinensis	10-20 m	8-15 m	30-100 cm	落葉大喬木，樹冠圓傘形	黃綠	3-4	黃綠-3-4	台灣原生種	黃綠-3-4	至少 1.0 m	具遮蔭、開花或結果機能，可作誘鳥及授粉昆蟲友善植栽參考。	覆土建議至少 1.0 m；株距約4-6 m；定植初期立支柱固定，定期修剪枯枝、病蟲枝並留意排水。		4-6 m		本次未能在《應用於綠建築之台灣原生植物圖鑑(中部)》已抽取索引中比對到明確條目；基本資料優先依官方名錄查核學名，景觀規格仍需依苗圃規格校正。	https://taicol.tw/zh-hant/catalogue?keyword=%E6%9C%B4%E6%A8%B9	耐修剪且樹冠遮蔭佳，果實可作鳥類食源。	全日照	耐旱	不耐積水	低	耐旱	尚未逐筆核實		初步判定，尚未逐筆官方來源複核	2026-06-21	
楊梅	喬木	大喬木	Morella rubra	5-15 m	4-8 m	15-50 cm	常綠小至中喬木，圓形樹冠	不明顯	3-4	不明顯-3-4	台灣原生種	不明顯-3-4	至少 1.0 m	具遮蔭、開花或結果機能，可作誘鳥及授粉昆蟲友善植栽參考。	覆土建議至少 1.0 m；株距約4-6 m；定植初期立支柱固定，定期修剪枯枝、病蟲枝並留意排水。		4-6 m		本次未能在《應用於綠建築之台灣原生植物圖鑑(中部)》已抽取索引中比對到明確條目；基本資料優先依官方名錄查核學名，景觀規格仍需依苗圃規格校正。	https://taicol.tw/zh-hant/catalogue?keyword=%E6%A5%8A%E6%A2%85	果實具誘鳥效果；作景觀樹需考量落果清潔。	全日照	稍耐旱	不耐積水	中	稍耐旱	尚未逐筆核實		初步判定，尚未逐筆官方來源複核	2026-06-21	
紅花繼木	灌木	灌木	Loropetalum chinense var. rubrum	1-3 m	1-3 m	-	常綠灌木，枝葉細密可修剪成球形或綠籬	桃紅至紫紅	2-4	桃紅至紫紅-2-4	外來種	桃紅至紫紅-2-4	至少 0.5 m	花期可吸引蝶類及授粉昆蟲，果實或枝葉亦可提供小型鳥類停棲。	覆土建議至少 0.5 m；株距約0.6-1.2 m；定期修剪維持株型與通風，移除老枝、枯枝及病蟲枝。		0.6-1.2 m		本次未能在《應用於綠建築之台灣原生植物圖鑑(中部)》已抽取索引中比對到明確條目；基本資料優先依官方名錄查核學名，景觀規格仍需依苗圃規格校正。	https://taicol.tw/zh-hant/catalogue?keyword=%E7%B4%85%E8%8A%B1%E7%B9%BC%E6%9C%A8	常見園藝品種，紅紫葉色可作色彩灌木。	全日照	耐旱	不耐積水	低	耐旱	尚未逐筆核實		初步判定，尚未逐筆官方來源複核	2026-06-21	
樹葡萄	喬木	小喬木	Plinia cauliflora	3-8 m	3-6 m	10-35 cm	常綠小喬木，枝幹著果	白	不定	白-不定	外來種	白-不定	至少 0.8 m	具遮蔭、開花或結果機能，可作誘鳥及授粉昆蟲友善植栽參考。	覆土建議至少 0.8 m；株距約2.5-4 m；定植初期立支柱固定，定期修剪枯枝、病蟲枝並留意排水。		2.5-4 m		本次未能在《應用於綠建築之台灣原生植物圖鑑(中部)》已抽取索引中比對到明確條目；基本資料優先依官方名錄查核學名，景觀規格仍需依苗圃規格校正。	https://taicol.tw/zh-hant/catalogue?keyword=%E6%A8%B9%E8%91%A1%E8%90%84	又稱嘉寶果；果實具觀賞與食用價值，景觀使用需留意落果。	全日照	稍耐旱	不耐積水	中	稍耐旱	尚未逐筆核實		初步判定，尚未逐筆官方來源複核	2026-06-21	
馬茶花	灌木	灌木	Camellia japonica	1.5-5 m	1.5-4 m	-	常綠灌木至小喬木，樹冠圓整	紅、粉、白	12-3	紅、粉、白-12-3	外來種	紅、粉、白-12-3	至少 0.5 m	花期可吸引蝶類及授粉昆蟲，果實或枝葉亦可提供小型鳥類停棲。	覆土建議至少 0.5 m；株距約0.6-1.2 m；定期修剪維持株型與通風，移除老枝、枯枝及病蟲枝。		0.6-1.2 m		本次未能在《應用於綠建築之台灣原生植物圖鑑(中部)》已抽取索引中比對到明確條目；基本資料優先依官方名錄查核學名，景觀規格仍需依苗圃規格校正。	https://taicol.tw/zh-hant/catalogue?keyword=%E9%A6%AC%E8%8C%B6%E8%8A%B1	名稱可能需與茶花、茶梅等園藝品種再確認。	全日照至半日照	稍耐旱	不耐積水	中	稍耐旱	尚未逐筆核實		初步判定，尚未逐筆官方來源複核	2026-06-21	
桂花	灌木	灌木	Osmanthus fragrans	2-8 m	2-6 m	-	常綠灌木至小喬木，枝葉緻密	白至淡黃	9-11	白至淡黃-9-11	外來種	白至淡黃-9-11	至少 0.5 m	花期可吸引蝶類及授粉昆蟲，果實或枝葉亦可提供小型鳥類停棲。	覆土建議至少 0.5 m；株距約0.6-1.2 m；定期修剪維持株型與通風，移除老枝、枯枝及病蟲枝。		0.6-1.2 m		本次未能在《應用於綠建築之台灣原生植物圖鑑(中部)》已抽取索引中比對到明確條目；基本資料優先依官方名錄查核學名，景觀規格仍需依苗圃規格校正。	https://taicol.tw/zh-hant/catalogue?keyword=%E6%A1%82%E8%8A%B1	具芳香花，常作庭園灌木或綠籬。	全日照	耐旱	不耐積水	低	耐旱	尚未逐筆核實		初步判定，尚未逐筆官方來源複核	2026-06-21	
撒金變葉木	灌木	灌木	Codiaeum variegatum	1-3 m	0.8-2 m	-	常綠彩葉灌木，葉色黃斑至多色	不明顯	不定	不明顯-不定	外來種	不明顯-不定	至少 0.5 m	花期可吸引蝶類及授粉昆蟲，果實或枝葉亦可提供小型鳥類停棲。	覆土建議至少 0.5 m；株距約0.6-1.2 m；定期修剪維持株型與通風，移除老枝、枯枝及病蟲枝。		0.6-1.2 m		本次未能在《應用於綠建築之台灣原生植物圖鑑(中部)》已抽取索引中比對到明確條目；基本資料優先依官方名錄查核學名，景觀規格仍需依苗圃規格校正。	https://taicol.tw/zh-hant/catalogue?keyword=%E6%92%92%E9%87%91%E8%AE%8A%E8%91%89%E6%9C%A8	園藝栽培品種；以葉色觀賞為主。	全日照至半日照	耐旱	不耐積水	低	耐旱	尚未逐筆核實		初步判定，尚未逐筆官方來源複核	2026-06-21	
杜鵑	灌木	灌木	Rhododendron spp.	0.5-2 m	0.8-2 m	-	常綠灌木，低矮叢生	紅、粉、白、紫	2-5	紅、粉、白、紫-2-5	待確認	紅、粉、白、紫-2-5	至少 0.5 m	花期可吸引蝶類及授粉昆蟲，果實或枝葉亦可提供小型鳥類停棲。	覆土建議至少 0.5 m；株距約0.6-1.2 m；定期修剪維持株型與通風，移除老枝、枯枝及病蟲枝。		0.6-1.2 m		本次未能在《應用於綠建築之台灣原生植物圖鑑(中部)》已抽取索引中比對到明確條目；基本資料優先依官方名錄查核學名，景觀規格仍需依苗圃規格校正。	https://taicol.tw/zh-hant/catalogue?keyword=%E6%9D%9C%E9%B5%91	杜鵑園藝品種多，正式資料建議依實際品種校正學名。	全日照	稍耐旱	不耐積水	中	稍耐旱	尚未逐筆核實		初步判定，尚未逐筆官方來源複核	2026-06-21	
熊貓仙丹	灌木	灌木	Ixora spp.	0.5-1.5 m	0.6-1.5 m	-	常綠灌木，株型緊密	白至淡黃	4-11	白至淡黃-4-11	外來種	白至淡黃-4-11	至少 0.5 m	花期可吸引蝶類及授粉昆蟲，果實或枝葉亦可提供小型鳥類停棲。	覆土建議至少 0.5 m；株距約0.6-1.2 m；定期修剪維持株型與通風，移除老枝、枯枝及病蟲枝。		0.6-1.2 m		本次未能在《應用於綠建築之台灣原生植物圖鑑(中部)》已抽取索引中比對到明確條目；基本資料優先依官方名錄查核學名，景觀規格仍需依苗圃規格校正。	https://taicol.tw/zh-hant/catalogue?keyword=%E7%86%8A%E8%B2%93%E4%BB%99%E4%B8%B9	仙丹花園藝品種；正式學名建議依苗圃品種名校正。	全日照	耐旱	不耐積水	中	耐旱	尚未逐筆核實		初步判定，尚未逐筆官方來源複核	2026-06-21	
長紅木	灌木	灌木	Acalypha wilkesiana	1-3 m	1-2.5 m	-	常綠彩葉灌木，枝條直立	不明顯	全年	不明顯-全年	外來種	不明顯-全年	至少 0.5 m	花期可吸引蝶類及授粉昆蟲，果實或枝葉亦可提供小型鳥類停棲。	覆土建議至少 0.5 m；株距約0.6-1.2 m；定期修剪維持株型與通風，移除老枝、枯枝及病蟲枝。		0.6-1.2 m		本次未能在《應用於綠建築之台灣原生植物圖鑑(中部)》已抽取索引中比對到明確條目；基本資料優先依官方名錄查核學名，景觀規格仍需依苗圃規格校正。	https://taicol.tw/zh-hant/catalogue?keyword=%E9%95%B7%E7%B4%85%E6%9C%A8	以紅褐色葉色觀賞為主，常作色彩灌木。	全日照	耐旱	不耐積水	低	耐旱	尚未逐筆核實		初步判定，尚未逐筆官方來源複核	2026-06-21	
南天竹	灌木	灌木	Nandina domestica	1-2 m	0.8-1.5 m	-	常綠至半常綠灌木，叢生直立	白	5-7	白-5-7	外來種	白-5-7	至少 0.5 m	花期可吸引蝶類及授粉昆蟲，果實或枝葉亦可提供小型鳥類停棲。	覆土建議至少 0.5 m；株距約0.6-1.2 m；定期修剪維持株型與通風，移除老枝、枯枝及病蟲枝。		0.6-1.2 m		本次未能在《應用於綠建築之台灣原生植物圖鑑(中部)》已抽取索引中比對到明確條目；基本資料優先依官方名錄查核學名，景觀規格仍需依苗圃規格校正。	https://taicol.tw/zh-hant/catalogue?keyword=%E5%8D%97%E5%A4%A9%E7%AB%B9	果實紅色具觀賞性；局部環境需留意幼果誤食風險。	全日照	耐旱	不耐積水	低	耐旱	尚未逐筆核實		初步判定，尚未逐筆官方來源複核	2026-06-21	
金葉金露花	灌木	灌木	Duranta erecta	0.8-2.5 m	0.8-2 m	-	常綠灌木，金黃色葉色，可修剪綠籬	紫	5-10	紫-5-10	外來種	紫-5-10	至少 0.5 m	花期可吸引蝶類及授粉昆蟲，果實或枝葉亦可提供小型鳥類停棲。	覆土建議至少 0.5 m；株距約0.6-1.2 m；定期修剪維持株型與通風，移除老枝、枯枝及病蟲枝。		0.6-1.2 m		本次未能在《應用於綠建築之台灣原生植物圖鑑(中部)》已抽取索引中比對到明確條目；基本資料優先依官方名錄查核學名，景觀規格仍需依苗圃規格校正。	https://taicol.tw/zh-hant/catalogue?keyword=%E9%87%91%E8%91%89%E9%87%91%E9%9C%B2%E8%8A%B1	金葉園藝品種；以葉色與紫花觀賞。	全日照	耐旱	不耐積水	中	耐旱	尚未逐筆核實		初步判定，尚未逐筆官方來源複核	2026-06-21	
樹蘭	喬木	小喬木	Aglaia odorata	2-6 m	2-5 m	8-25 cm	常綠灌木至小喬木，枝葉細密	黃	4-10	黃-4-10	待確認	黃-4-10	至少 0.8 m	具遮蔭、開花或結果機能，可作誘鳥及授粉昆蟲友善植栽參考。	覆土建議至少 0.8 m；株距約2.5-4 m；定植初期立支柱固定，定期修剪枯枝、病蟲枝並留意排水。		2.5-4 m		本次未能在《應用於綠建築之台灣原生植物圖鑑(中部)》已抽取索引中比對到明確條目；基本資料優先依官方名錄查核學名，景觀規格仍需依苗圃規格校正。	https://taicol.tw/zh-hant/catalogue?keyword=%E6%A8%B9%E8%98%AD	花具香氣，常作庭園小喬木或綠籬。	全日照	耐旱	不耐積水	低	耐旱	尚未逐筆核實		初步判定，尚未逐筆官方來源複核	2026-06-21	
錫蘭葉下株	灌木	灌木	Phyllanthus myrtifolius	0.5-2 m	0.8-2 m	-	常綠灌木，枝條柔細下垂	紅褐至不明顯	不定	紅褐至不明顯-不定	外來種	紅褐至不明顯-不定	至少 0.5 m	花期可吸引蝶類及授粉昆蟲，果實或枝葉亦可提供小型鳥類停棲。	覆土建議至少 0.5 m；株距約0.6-1.2 m；定期修剪維持株型與通風，移除老枝、枯枝及病蟲枝。		0.6-1.2 m		本次未能在《應用於綠建築之台灣原生植物圖鑑(中部)》已抽取索引中比對到明確條目；基本資料優先依官方名錄查核學名，景觀規格仍需依苗圃規格校正。	https://taicol.tw/zh-hant/catalogue?keyword=%E9%8C%AB%E8%98%AD%E8%91%89%E4%B8%8B%E6%A0%AA	疑為「錫蘭葉下珠」；已先依常見景觀植物補入，名稱建議再校對。	全日照至半日照	待查	不耐積水	中	無	尚未逐筆核實		初步判定，尚未逐筆官方來源複核	2026-06-21	
女貞	灌木	灌木	Ligustrum lucidum	3-10 m	2-6 m	10-35 cm	常綠灌木至小喬木，枝葉濃密	白	5-7	白-5-7	待確認	白-5-7	至少 0.5 m	花期可吸引蝶類及授粉昆蟲，果實或枝葉亦可提供小型鳥類停棲。	覆土建議至少 0.5 m；株距約0.6-1.2 m；定期修剪維持株型與通風，移除老枝、枯枝及病蟲枝。		0.6-1.2 m		本次未能在《應用於綠建築之台灣原生植物圖鑑(中部)》已抽取索引中比對到明確條目；基本資料優先依官方名錄查核學名，景觀規格仍需依苗圃規格校正。	https://taicol.tw/zh-hant/catalogue?keyword=%E5%A5%B3%E8%B2%9E	女貞類品種多，正式資料建議依實際品種校正。	全日照	耐旱	不耐積水	低	耐旱	尚未逐筆核實		初步判定，尚未逐筆官方來源複核	2026-06-21	
斑葉海桐	灌木	灌木	Pittosporum tobira	1-3 m	1-3 m	-	常綠斑葉灌木，圓整緻密	白至淡黃	3-5	白至淡黃-3-5	外來種	白至淡黃-3-5	至少 0.5 m	花期可吸引蝶類及授粉昆蟲，果實或枝葉亦可提供小型鳥類停棲。	覆土建議至少 0.5 m；株距約0.6-1.2 m；定期修剪維持株型與通風，移除老枝、枯枝及病蟲枝。		0.6-1.2 m		本次未能在《應用於綠建築之台灣原生植物圖鑑(中部)》已抽取索引中比對到明確條目；基本資料優先依官方名錄查核學名，景觀規格仍需依苗圃規格校正。	https://taicol.tw/zh-hant/catalogue?keyword=%E6%96%91%E8%91%89%E6%B5%B7%E6%A1%90	海桐斑葉園藝品種；常作綠籬與灌木球。	全日照	耐旱	不耐積水	低	耐旱	尚未逐筆核實		初步判定，尚未逐筆官方來源複核	2026-06-21	
彩葉山漆莖	灌木	灌木	Euphorbia cotinifolia	2-5 m	1.5-4 m	-	常綠至半落葉彩葉灌木，葉色紫紅	不明顯	不定	不明顯-不定	外來種	不明顯-不定	至少 0.5 m	花期可吸引蝶類及授粉昆蟲，果實或枝葉亦可提供小型鳥類停棲。	覆土建議至少 0.5 m；株距約0.6-1.2 m；定期修剪維持株型與通風，移除老枝、枯枝及病蟲枝。		0.6-1.2 m		本次未能在《應用於綠建築之台灣原生植物圖鑑(中部)》已抽取索引中比對到明確條目；基本資料優先依官方名錄查核學名，景觀規格仍需依苗圃規格校正。	https://taicol.tw/zh-hant/catalogue?keyword=%E5%BD%A9%E8%91%89%E5%B1%B1%E6%BC%86%E8%8E%96	乳汁可能刺激皮膚，修剪維護需注意。	全日照	耐旱	不耐積水	低	耐旱	尚未逐筆核實		初步判定，尚未逐筆官方來源複核	2026-06-21	
春不老	灌木	灌木	Ardisia elliptica	1-3 m	1-2.5 m	-	常綠灌木，株型直立	淡粉至白	5-8	淡粉至白-5-8	待確認	淡粉至白-5-8	至少 0.5 m	花期可吸引蝶類及授粉昆蟲，果實或枝葉亦可提供小型鳥類停棲。	覆土建議至少 0.5 m；株距約0.6-1.2 m；定期修剪維持株型與通風，移除老枝、枯枝及病蟲枝。		0.6-1.2 m		本次未能在《應用於綠建築之台灣原生植物圖鑑(中部)》已抽取索引中比對到明確條目；基本資料優先依官方名錄查核學名，景觀規格仍需依苗圃規格校正。	https://taicol.tw/zh-hant/catalogue?keyword=%E6%98%A5%E4%B8%8D%E8%80%81	果實成熟轉紫黑色，可作誘鳥與觀果灌木參考。	全日照至半日照	稍耐旱	稍耐濕	中	稍耐旱/稍耐濕	尚未逐筆核實		初步判定，尚未逐筆官方來源複核	2026-06-21	
觀音棕竹	灌木	灌木	Rhapis excelsa	1.5-4 m	1-3 m	-	叢生棕櫚狀灌木，直立叢生	淡黃	4-6	淡黃-4-6	外來種	淡黃-4-6	至少 0.5 m	花期可吸引蝶類及授粉昆蟲，果實或枝葉亦可提供小型鳥類停棲。	覆土建議至少 0.5 m；株距約0.6-1.2 m；定期修剪維持株型與通風，移除老枝、枯枝及病蟲枝。		0.6-1.2 m		本次未能在《應用於綠建築之台灣原生植物圖鑑(中部)》已抽取索引中比對到明確條目；基本資料優先依官方名錄查核學名，景觀規格仍需依苗圃規格校正。	https://taicol.tw/zh-hant/catalogue?keyword=%E8%A7%80%E9%9F%B3%E6%A3%95%E7%AB%B9	耐陰，常作半日照或中庭植栽。	半日照至遮陰	待查	稍耐濕	中	稍耐濕	尚未逐筆核實		初步判定，尚未逐筆官方來源複核	2026-06-21	
蜘蛛百合	草本	草本	Hymenocallis littoralis	0.4-0.8 m	0.4-0.8 m	-	多年生球根草本，叢生帶狀葉	白	5-10	白-5-10	外來種	白-5-10	至少 0.3 m	可提供地被覆蓋與微棲地功能；開花期可作授粉昆蟲友善植栽參考。	覆土建議至少 0.3 m；株距約0.3-0.6 m；維持介質排水與適度濕潤，定期修剪老葉或過密植株。		0.3-0.6 m		本次未能在《應用於綠建築之台灣原生植物圖鑑(中部)》已抽取索引中比對到明確條目；基本資料優先依官方名錄查核學名，景觀規格仍需依苗圃規格校正。	https://taicol.tw/zh-hant/catalogue?keyword=%E8%9C%98%E8%9B%9B%E7%99%BE%E5%90%88	花形特殊，適合花境或帶狀地被。	全日照至半日照	不耐旱	耐濕	高	耐濕	尚未逐筆核實		初步判定，尚未逐筆官方來源複核	2026-06-21	
羅漢松	喬木	大喬木	Podocarpus macrophyllus	5-15 m	3-8 m	15-50 cm	常綠喬木，樹形直立，可修剪造型	不明顯	3-5	不明顯-3-5	台灣原生種	不明顯-3-5	至少 1.0 m	具遮蔭、開花或結果機能，可作誘鳥及授粉昆蟲友善植栽參考。	覆土建議至少 1.0 m；株距約4-6 m；定植初期立支柱固定，定期修剪枯枝、病蟲枝並留意排水。		4-6 m		本次未能在《應用於綠建築之台灣原生植物圖鑑(中部)》已抽取索引中比對到明確條目；基本資料優先依官方名錄查核學名，景觀規格仍需依苗圃規格校正。	https://taicol.tw/zh-hant/catalogue?keyword=%E7%BE%85%E6%BC%A2%E6%9D%BE	常用於庭園造景與修剪造型，苗木規格差異大。	全日照	耐旱	不耐積水	低	耐旱	尚未逐筆核實		初步判定，尚未逐筆官方來源複核	2026-06-21	
紫花馬櫻丹	灌木	灌木	Lantana montevidensis	0.3-0.8 m	1-2 m	-	蔓性或匍匐灌木，枝條外展	紫	全年	紫-全年	外來種	紫-全年	至少 0.5 m	花期可吸引蝶類及授粉昆蟲，果實或枝葉亦可提供小型鳥類停棲。	覆土建議至少 0.5 m；株距約0.6-1.2 m；定期修剪維持株型與通風，移除老枝、枯枝及病蟲枝。		0.6-1.2 m		本次未能在《應用於綠建築之台灣原生植物圖鑑(中部)》已抽取索引中比對到明確條目；基本資料優先依官方名錄查核學名，景觀規格仍需依苗圃規格校正。	https://taicol.tw/zh-hant/catalogue?keyword=%E7%B4%AB%E8%8A%B1%E9%A6%AC%E6%AB%BB%E4%B8%B9	花期長、可誘蝶；部分馬櫻丹類具入侵疑慮，使用前宜確認管理需求。	全日照	耐旱	不耐積水	低	耐旱	尚未逐筆核實		初步判定，尚未逐筆官方來源複核	2026-06-21	
斑葉月桃	草本	草本	Alpinia zerumbet	1-2.5 m	1-2 m	-	多年生大型草本，斑葉叢生	白底黃紅斑	4-7	白底黃紅斑-4-7	待確認	白底黃紅斑-4-7	至少 0.3 m	可提供地被覆蓋與微棲地功能；開花期可作授粉昆蟲友善植栽參考。	覆土建議至少 0.3 m；株距約0.3-0.6 m；維持介質排水與適度濕潤，定期修剪老葉或過密植株。		0.3-0.6 m		本次未能在《應用於綠建築之台灣原生植物圖鑑(中部)》已抽取索引中比對到明確條目；基本資料優先依官方名錄查核學名，景觀規格仍需依苗圃規格校正。	https://taicol.tw/zh-hant/catalogue?keyword=%E6%96%91%E8%91%89%E6%9C%88%E6%A1%83	月桃斑葉園藝品種；以葉色與花序觀賞。	半日照至遮陰	不耐旱	耐濕	高	耐濕	尚未逐筆核實		初步判定，尚未逐筆官方來源複核	2026-06-21	
